﻿<linker>
  <assembly fullname="mscorlib">
    <!-- Preserve all methods on WasmRuntime, because these are called by JS-side code
    to implement timers. Fixes https://github.com/aspnet/Blazor/issues/239 -->
    <type fullname="System.Threading.WasmRuntime" />
  </assembly>
  <assembly fullname="System.Core">
    <!-- This is required by JSon.NET and any expression.Compile caller -->
    <type fullname="System.Linq.Expressions*" />
    <type fullname="System.Linq.EnumerableRewriter*" />
    <type fullname="System.Linq.Queryable*" />
    <type fullname="System.Linq.Enumerable*" />
  </assembly>
</linker>