{"main":"Blazor.FlexGrid.Demo.Client.dll","entryPoint":"Blazor.FlexGrid.Demo.Client.Program::Main","assemblyReferences":["Blazor.FlexGrid.Demo.Shared.dll","Blazor.FlexGrid.dll","Microsoft.AspNetCore.Blazor.dll","Microsoft.AspNetCore.Components.Browser.dll","Microsoft.AspNetCore.Components.dll","Microsoft.AspNetCore.Http.Abstractions.dll","Microsoft.AspNetCore.Http.Extensions.dll","Microsoft.AspNetCore.Http.Features.dll","Microsoft.Extensions.Configuration.Abstractions.dll","Microsoft.Extensions.Configuration.Binder.dll","Microsoft.Extensions.Configuration.dll","Microsoft.Extensions.DependencyInjection.Abstractions.dll","Microsoft.Extensions.DependencyInjection.dll","Microsoft.Extensions.FileProviders.Abstractions.dll","Microsoft.Extensions.Logging.Abstractions.dll","Microsoft.Extensions.Logging.Configuration.dll","Microsoft.Extensions.Logging.Console.dll","Microsoft.Extensions.Logging.dll","Microsoft.Extensions.Options.ConfigurationExtensions.dll","Microsoft.Extensions.Options.dll","Microsoft.Extensions.Primitives.dll","Microsoft.JSInterop.dll","Microsoft.Net.Http.Headers.dll","Mono.Security.dll","Mono.WebAssembly.Interop.dll","mscorlib.dll","System.Buffers.dll","System.ComponentModel.Annotations.dll","System.Core.dll","System.dll","System.Linq.Dynamic.Core.dll","System.Memory.dll","System.Net.Http.dll","System.Numerics.Vectors.dll","System.Reflection.Emit.dll","System.Reflection.Emit.ILGeneration.dll","System.Runtime.CompilerServices.Unsafe.dll","System.Text.Encodings.Web.dll","Blazor.FlexGrid.Demo.Client.pdb","Blazor.FlexGrid.Demo.Shared.pdb","Blazor.FlexGrid.pdb","System.Linq.Dynamic.Core.pdb"],"cssReferences":["_content/Blazor.FlexGrid/FlexGridStyles.css","_content/Blazor.FlexGrid/fontawesome/css/all.css","_content/Blazor.FlexGrid/fontawesome/css/fontawesome.css","_content/Blazor.FlexGrid/fontawesome/css/regular.css","_content/Blazor.FlexGrid/fontawesome/css/solid.css","_content/Blazor.FlexGrid/fontawesome/css/svg-with-js.css","_content/Blazor.FlexGrid/fontawesome/css/v4-shims.css","_content/Blazor.FlexGrid/fontawesome/css/v4-shims.min.css"],"jsReferences":["_content/Blazor.FlexGrid/flexGridIntereop.js"],"linkerEnabled":true}